year,round,candidate_name,party,share_expressed,source_url,notes
2022,1,Emmanuel Macron,LREM,27.85,https://fr.wikipedia.org/wiki/%C3%89lection_pr%C3%A9sidentielle_fran%C3%A7aise_de_2022,"% of expressed votes (fr.wikipedia results table). Votes 9 783 058, identical to Conseil constitutionnel https://www.conseil-constitutionnel.fr/decision/2022/2022195PDR.htm"
2022,1,Marine Le Pen,RN,23.15,https://fr.wikipedia.org/wiki/%C3%89lection_pr%C3%A9sidentielle_fran%C3%A7aise_de_2022,"% of expressed votes (fr.wikipedia results table). Votes 8 133 828, identical to Conseil constitutionnel https://www.conseil-constitutionnel.fr/decision/2022/2022195PDR.htm"
2022,1,Jean-Luc Mélenchon,LFI,21.95,https://fr.wikipedia.org/wiki/%C3%89lection_pr%C3%A9sidentielle_fran%C3%A7aise_de_2022,"% of expressed votes (fr.wikipedia results table). Votes 7 712 520, identical to Conseil constitutionnel https://www.conseil-constitutionnel.fr/decision/2022/2022195PDR.htm"
2022,1,Éric Zemmour,REC,7.07,https://fr.wikipedia.org/wiki/%C3%89lection_pr%C3%A9sidentielle_fran%C3%A7aise_de_2022,"% of expressed votes (fr.wikipedia results table). Votes 2 485 226, identical to Conseil constitutionnel https://www.conseil-constitutionnel.fr/decision/2022/2022195PDR.htm"
2022,1,Valérie Pécresse,LR,4.78,https://fr.wikipedia.org/wiki/%C3%89lection_pr%C3%A9sidentielle_fran%C3%A7aise_de_2022,"% of expressed votes (fr.wikipedia results table). Votes 1 679 001, identical to Conseil constitutionnel https://www.conseil-constitutionnel.fr/decision/2022/2022195PDR.htm"
2022,1,Yannick Jadot,EELV,4.63,https://fr.wikipedia.org/wiki/%C3%89lection_pr%C3%A9sidentielle_fran%C3%A7aise_de_2022,"% of expressed votes (fr.wikipedia results table). Votes 1 627 853, identical to Conseil constitutionnel https://www.conseil-constitutionnel.fr/decision/2022/2022195PDR.htm"
2022,1,Jean Lassalle,RES,3.13,https://fr.wikipedia.org/wiki/%C3%89lection_pr%C3%A9sidentielle_fran%C3%A7aise_de_2022,"% of expressed votes (fr.wikipedia results table). Votes 1 101 387, identical to Conseil constitutionnel https://www.conseil-constitutionnel.fr/decision/2022/2022195PDR.htm"
2022,1,Fabien Roussel,PCF,2.28,https://fr.wikipedia.org/wiki/%C3%89lection_pr%C3%A9sidentielle_fran%C3%A7aise_de_2022,"% of expressed votes (fr.wikipedia results table). Votes 802 422, identical to Conseil constitutionnel https://www.conseil-constitutionnel.fr/decision/2022/2022195PDR.htm"
2022,1,Nicolas Dupont-Aignan,DLF,2.06,https://fr.wikipedia.org/wiki/%C3%89lection_pr%C3%A9sidentielle_fran%C3%A7aise_de_2022,"% of expressed votes (fr.wikipedia results table). Votes 725 176, identical to Conseil constitutionnel https://www.conseil-constitutionnel.fr/decision/2022/2022195PDR.htm"
2022,1,Anne Hidalgo,PS,1.75,https://fr.wikipedia.org/wiki/%C3%89lection_pr%C3%A9sidentielle_fran%C3%A7aise_de_2022,"% of expressed votes (fr.wikipedia results table). Votes 616 478, identical to Conseil constitutionnel https://www.conseil-constitutionnel.fr/decision/2022/2022195PDR.htm"
2022,1,Philippe Poutou,NPA,0.77,https://fr.wikipedia.org/wiki/%C3%89lection_pr%C3%A9sidentielle_fran%C3%A7aise_de_2022,"% of expressed votes (fr.wikipedia results table). Votes 268 904, identical to Conseil constitutionnel https://www.conseil-constitutionnel.fr/decision/2022/2022195PDR.htm"
2022,1,Nathalie Arthaud,LO,0.56,https://fr.wikipedia.org/wiki/%C3%89lection_pr%C3%A9sidentielle_fran%C3%A7aise_de_2022,"% of expressed votes (fr.wikipedia results table). Votes 197 094, identical to Conseil constitutionnel https://www.conseil-constitutionnel.fr/decision/2022/2022195PDR.htm"
2022,2,Emmanuel Macron,LREM,58.55,https://fr.wikipedia.org/wiki/%C3%89lection_pr%C3%A9sidentielle_fran%C3%A7aise_de_2022,"% of expressed votes (fr.wikipedia results table). Votes 18 768 639, identical to Conseil constitutionnel https://www.conseil-constitutionnel.fr/decision/2022/2022197PDR.htm"
2022,2,Marine Le Pen,RN,41.45,https://fr.wikipedia.org/wiki/%C3%89lection_pr%C3%A9sidentielle_fran%C3%A7aise_de_2022,"% of expressed votes (fr.wikipedia results table). Votes 13 288 686, identical to Conseil constitutionnel https://www.conseil-constitutionnel.fr/decision/2022/2022197PDR.htm"
2017,1,Emmanuel Macron,EM,24.01,https://fr.wikipedia.org/wiki/%C3%89lection_pr%C3%A9sidentielle_fran%C3%A7aise_de_2017,"% of expressed votes (fr.wikipedia results table). Votes 8 656 346, identical to Conseil constitutionnel https://www.conseil-constitutionnel.fr/decision/2017/2017169PDR.htm"
2017,1,Marine Le Pen,FN,21.30,https://fr.wikipedia.org/wiki/%C3%89lection_pr%C3%A9sidentielle_fran%C3%A7aise_de_2017,"% of expressed votes (fr.wikipedia results table). Votes 7 678 491, identical to Conseil constitutionnel https://www.conseil-constitutionnel.fr/decision/2017/2017169PDR.htm"
2017,1,François Fillon,LR,20.01,https://fr.wikipedia.org/wiki/%C3%89lection_pr%C3%A9sidentielle_fran%C3%A7aise_de_2017,"% of expressed votes (fr.wikipedia results table). Votes 7 212 995, identical to Conseil constitutionnel https://www.conseil-constitutionnel.fr/decision/2017/2017169PDR.htm"
2017,1,Jean-Luc Mélenchon,LFI,19.58,https://fr.wikipedia.org/wiki/%C3%89lection_pr%C3%A9sidentielle_fran%C3%A7aise_de_2017,"% of expressed votes (fr.wikipedia results table). Votes 7 059 951, identical to Conseil constitutionnel https://www.conseil-constitutionnel.fr/decision/2017/2017169PDR.htm"
2017,1,Benoît Hamon,PS,6.36,https://fr.wikipedia.org/wiki/%C3%89lection_pr%C3%A9sidentielle_fran%C3%A7aise_de_2017,"% of expressed votes (fr.wikipedia results table). Votes 2 291 288, identical to Conseil constitutionnel https://www.conseil-constitutionnel.fr/decision/2017/2017169PDR.htm"
2017,1,Nicolas Dupont-Aignan,DLF,4.70,https://fr.wikipedia.org/wiki/%C3%89lection_pr%C3%A9sidentielle_fran%C3%A7aise_de_2017,"% of expressed votes (fr.wikipedia results table). Votes 1 695 000, identical to Conseil constitutionnel https://www.conseil-constitutionnel.fr/decision/2017/2017169PDR.htm"
2017,1,Jean Lassalle,RES,1.21,https://fr.wikipedia.org/wiki/%C3%89lection_pr%C3%A9sidentielle_fran%C3%A7aise_de_2017,"% of expressed votes (fr.wikipedia results table). Votes 435 301, identical to Conseil constitutionnel https://www.conseil-constitutionnel.fr/decision/2017/2017169PDR.htm"
2017,1,Philippe Poutou,NPA,1.09,https://fr.wikipedia.org/wiki/%C3%89lection_pr%C3%A9sidentielle_fran%C3%A7aise_de_2017,"% of expressed votes (fr.wikipedia results table). Votes 394 505, identical to Conseil constitutionnel https://www.conseil-constitutionnel.fr/decision/2017/2017169PDR.htm"
2017,1,François Asselineau,UPR,0.92,https://fr.wikipedia.org/wiki/%C3%89lection_pr%C3%A9sidentielle_fran%C3%A7aise_de_2017,"% of expressed votes (fr.wikipedia results table). Votes 332 547, identical to Conseil constitutionnel https://www.conseil-constitutionnel.fr/decision/2017/2017169PDR.htm"
2017,1,Nathalie Arthaud,LO,0.64,https://fr.wikipedia.org/wiki/%C3%89lection_pr%C3%A9sidentielle_fran%C3%A7aise_de_2017,"% of expressed votes (fr.wikipedia results table). Votes 232 384, identical to Conseil constitutionnel https://www.conseil-constitutionnel.fr/decision/2017/2017169PDR.htm"
2017,1,Jacques Cheminade,SP,0.18,https://fr.wikipedia.org/wiki/%C3%89lection_pr%C3%A9sidentielle_fran%C3%A7aise_de_2017,"% of expressed votes (fr.wikipedia results table). Votes 65 586, identical to Conseil constitutionnel https://www.conseil-constitutionnel.fr/decision/2017/2017169PDR.htm"
2017,2,Emmanuel Macron,EM,66.10,https://fr.wikipedia.org/wiki/%C3%89lection_pr%C3%A9sidentielle_fran%C3%A7aise_de_2017,"% of expressed votes (fr.wikipedia results table). Votes 20 743 128, identical to Conseil constitutionnel https://www.conseil-constitutionnel.fr/decision/2017/2017171PDR.htm"
2017,2,Marine Le Pen,FN,33.90,https://fr.wikipedia.org/wiki/%C3%89lection_pr%C3%A9sidentielle_fran%C3%A7aise_de_2017,"% of expressed votes (fr.wikipedia results table). Votes 10 638 475, identical to Conseil constitutionnel https://www.conseil-constitutionnel.fr/decision/2017/2017171PDR.htm"
2022,1,_turnout,,73.69,https://fr.wikipedia.org/wiki/%C3%89lection_pr%C3%A9sidentielle_fran%C3%A7aise_de_2022,"% of REGISTERED (participation). Registered 48 747 876, voters 35 923 707; both identical to Conseil constitutionnel https://www.conseil-constitutionnel.fr/decision/2022/2022195PDR.htm"
2022,1,_abstention,,26.31,https://fr.wikipedia.org/wiki/%C3%89lection_pr%C3%A9sidentielle_fran%C3%A7aise_de_2022,% of REGISTERED. Abstainers 12 824 169 (Wikipedia table)
2022,1,_blank,,1.51,https://fr.wikipedia.org/wiki/%C3%89lection_pr%C3%A9sidentielle_fran%C3%A7aise_de_2022,"% of VOTERS (votants), not of registered. Blank ballots 543 609, identical to Conseil constitutionnel https://www.conseil-constitutionnel.fr/decision/2022/2022195PDR.htm"
2022,1,_null,,0.69,https://fr.wikipedia.org/wiki/%C3%89lection_pr%C3%A9sidentielle_fran%C3%A7aise_de_2022,"% of VOTERS (votants), not of registered. Null ballots 247 151, identical to Conseil constitutionnel https://www.conseil-constitutionnel.fr/decision/2022/2022195PDR.htm"
2022,2,_turnout,,71.99,https://fr.wikipedia.org/wiki/%C3%89lection_pr%C3%A9sidentielle_fran%C3%A7aise_de_2022,"% of REGISTERED (participation). Registered 48 752 339, voters 35 096 478; both identical to Conseil constitutionnel https://www.conseil-constitutionnel.fr/decision/2022/2022197PDR.htm"
2022,2,_abstention,,28.01,https://fr.wikipedia.org/wiki/%C3%89lection_pr%C3%A9sidentielle_fran%C3%A7aise_de_2022,% of REGISTERED. Abstainers 13 655 861 (Wikipedia table)
2022,2,_blank,,6.37,https://fr.wikipedia.org/wiki/%C3%89lection_pr%C3%A9sidentielle_fran%C3%A7aise_de_2022,"% of VOTERS (votants), not of registered. Blank ballots 2 233 904, identical to Conseil constitutionnel https://www.conseil-constitutionnel.fr/decision/2022/2022197PDR.htm"
2022,2,_null,,2.29,https://fr.wikipedia.org/wiki/%C3%89lection_pr%C3%A9sidentielle_fran%C3%A7aise_de_2022,"% of VOTERS (votants), not of registered. Null ballots 805 249, identical to Conseil constitutionnel https://www.conseil-constitutionnel.fr/decision/2022/2022197PDR.htm"
2017,1,_turnout,,77.77,https://fr.wikipedia.org/wiki/%C3%89lection_pr%C3%A9sidentielle_fran%C3%A7aise_de_2017,"% of REGISTERED (participation). Registered 47 582 183, voters 37 003 728; both identical to Conseil constitutionnel https://www.conseil-constitutionnel.fr/decision/2017/2017169PDR.htm"
2017,1,_abstention,,22.23,https://fr.wikipedia.org/wiki/%C3%89lection_pr%C3%A9sidentielle_fran%C3%A7aise_de_2017,% of REGISTERED. Abstainers 10 578 455 (Wikipedia table)
2017,1,_blank,,1.78,https://fr.wikipedia.org/wiki/%C3%89lection_pr%C3%A9sidentielle_fran%C3%A7aise_de_2017,"% of VOTERS (votants), not of registered. Blank ballots 659 997, identical to Conseil constitutionnel https://www.conseil-constitutionnel.fr/decision/2017/2017169PDR.htm"
2017,1,_null,,0.77,https://fr.wikipedia.org/wiki/%C3%89lection_pr%C3%A9sidentielle_fran%C3%A7aise_de_2017,"% of VOTERS (votants), not of registered. Null ballots 289 337 (Wikipedia; the Conseil constitutionnel 2017 text lists votants, blancs and exprimés but not nuls)"
2017,2,_turnout,,74.56,https://fr.wikipedia.org/wiki/%C3%89lection_pr%C3%A9sidentielle_fran%C3%A7aise_de_2017,"% of REGISTERED (participation). Registered 47 568 693, voters 35 467 327; both identical to Conseil constitutionnel https://www.conseil-constitutionnel.fr/decision/2017/2017171PDR.htm"
2017,2,_abstention,,25.44,https://fr.wikipedia.org/wiki/%C3%89lection_pr%C3%A9sidentielle_fran%C3%A7aise_de_2017,% of REGISTERED. Abstainers 12 101 366 (Wikipedia table)
2017,2,_blank,,8.52,https://fr.wikipedia.org/wiki/%C3%89lection_pr%C3%A9sidentielle_fran%C3%A7aise_de_2017,"% of VOTERS (votants), not of registered. Blank ballots 3 021 499, identical to Conseil constitutionnel https://www.conseil-constitutionnel.fr/decision/2017/2017171PDR.htm"
2017,2,_null,,3.00,https://fr.wikipedia.org/wiki/%C3%89lection_pr%C3%A9sidentielle_fran%C3%A7aise_de_2017,"% of VOTERS (votants), not of registered. Null ballots 1 064 225 (Wikipedia; the Conseil constitutionnel 2017 text lists votants, blancs and exprimés but not nuls)"
