year,candidate_name,result,final_poll_avg,result_source_url,poll_source_url
2002,Jacques Chirac,19.88,19.6,https://en.wikipedia.org/wiki/2002_French_presidential_election,https://en.wikipedia.org/wiki/Opinion_polling_for_the_2002_French_presidential_election
2002,Jean-Marie Le Pen,16.86,13.5,https://en.wikipedia.org/wiki/2002_French_presidential_election,https://en.wikipedia.org/wiki/Opinion_polling_for_the_2002_French_presidential_election
2002,Lionel Jospin,16.18,18.0,https://en.wikipedia.org/wiki/2002_French_presidential_election,https://en.wikipedia.org/wiki/Opinion_polling_for_the_2002_French_presidential_election
2002,François Bayrou,6.84,6.2,https://en.wikipedia.org/wiki/2002_French_presidential_election,https://en.wikipedia.org/wiki/Opinion_polling_for_the_2002_French_presidential_election
2002,Arlette Laguiller,5.72,7.3,https://en.wikipedia.org/wiki/2002_French_presidential_election,https://en.wikipedia.org/wiki/Opinion_polling_for_the_2002_French_presidential_election
2002,Jean-Pierre Chevènement,5.33,6.3,https://en.wikipedia.org/wiki/2002_French_presidential_election,https://en.wikipedia.org/wiki/Opinion_polling_for_the_2002_French_presidential_election
2002,Noël Mamère,5.25,5.9,https://en.wikipedia.org/wiki/2002_French_presidential_election,https://en.wikipedia.org/wiki/Opinion_polling_for_the_2002_French_presidential_election
2002,Olivier Besancenot,4.25,3.3,https://en.wikipedia.org/wiki/2002_French_presidential_election,https://en.wikipedia.org/wiki/Opinion_polling_for_the_2002_French_presidential_election
2002,Jean Saint-Josse,4.23,3.6,https://en.wikipedia.org/wiki/2002_French_presidential_election,https://en.wikipedia.org/wiki/Opinion_polling_for_the_2002_French_presidential_election
2002,Alain Madelin,3.91,4.5,https://en.wikipedia.org/wiki/2002_French_presidential_election,https://en.wikipedia.org/wiki/Opinion_polling_for_the_2002_French_presidential_election
2002,Robert Hue,3.37,5.2,https://en.wikipedia.org/wiki/2002_French_presidential_election,https://en.wikipedia.org/wiki/Opinion_polling_for_the_2002_French_presidential_election
2007,Nicolas Sarkozy,31.18,28.42,https://en.wikipedia.org/wiki/2007_French_presidential_election,https://en.wikipedia.org/wiki/Opinion_polling_for_the_2007_French_presidential_election
2007,Ségolène Royal,25.87,24.25,https://en.wikipedia.org/wiki/2007_French_presidential_election,https://en.wikipedia.org/wiki/Opinion_polling_for_the_2007_French_presidential_election
2007,François Bayrou,18.57,17.83,https://en.wikipedia.org/wiki/2007_French_presidential_election,https://en.wikipedia.org/wiki/Opinion_polling_for_the_2007_French_presidential_election
2007,Jean-Marie Le Pen,10.44,13.75,https://en.wikipedia.org/wiki/2007_French_presidential_election,https://en.wikipedia.org/wiki/Opinion_polling_for_the_2007_French_presidential_election
2007,Olivier Besancenot,4.08,4.58,https://en.wikipedia.org/wiki/2007_French_presidential_election,https://en.wikipedia.org/wiki/Opinion_polling_for_the_2007_French_presidential_election
2012,François Hollande,28.63,27.94,https://en.wikipedia.org/wiki/2012_French_presidential_election,https://en.wikipedia.org/wiki/Opinion_polling_for_the_2012_French_presidential_election
2012,Nicolas Sarkozy,27.18,26.44,https://en.wikipedia.org/wiki/2012_French_presidential_election,https://en.wikipedia.org/wiki/Opinion_polling_for_the_2012_French_presidential_election
2012,Marine Le Pen,17.90,15.88,https://en.wikipedia.org/wiki/2012_French_presidential_election,https://en.wikipedia.org/wiki/Opinion_polling_for_the_2012_French_presidential_election
2012,Jean-Luc Mélenchon,11.10,13.62,https://en.wikipedia.org/wiki/2012_French_presidential_election,https://en.wikipedia.org/wiki/Opinion_polling_for_the_2012_French_presidential_election
2012,François Bayrou,9.13,10.19,https://en.wikipedia.org/wiki/2012_French_presidential_election,https://en.wikipedia.org/wiki/Opinion_polling_for_the_2012_French_presidential_election
2017,Emmanuel Macron,24.01,23.94,https://en.wikipedia.org/wiki/2017_French_presidential_election,https://en.wikipedia.org/wiki/Opinion_polling_for_the_2017_French_presidential_election
2017,Marine Le Pen,21.30,22.25,https://en.wikipedia.org/wiki/2017_French_presidential_election,https://en.wikipedia.org/wiki/Opinion_polling_for_the_2017_French_presidential_election
2017,François Fillon,20.01,19.5,https://en.wikipedia.org/wiki/2017_French_presidential_election,https://en.wikipedia.org/wiki/Opinion_polling_for_the_2017_French_presidential_election
2017,Jean-Luc Mélenchon,19.58,18.81,https://en.wikipedia.org/wiki/2017_French_presidential_election,https://en.wikipedia.org/wiki/Opinion_polling_for_the_2017_French_presidential_election
2017,Benoît Hamon,6.36,7.56,https://en.wikipedia.org/wiki/2017_French_presidential_election,https://en.wikipedia.org/wiki/Opinion_polling_for_the_2017_French_presidential_election
2017,Nicolas Dupont-Aignan,4.70,4.06,https://en.wikipedia.org/wiki/2017_French_presidential_election,https://en.wikipedia.org/wiki/Opinion_polling_for_the_2017_French_presidential_election
2022,Emmanuel Macron,27.85,26.39,https://en.wikipedia.org/wiki/2022_French_presidential_election,https://en.wikipedia.org/wiki/Opinion_polling_for_the_2022_French_presidential_election
2022,Marine Le Pen,23.15,22.98,https://en.wikipedia.org/wiki/2022_French_presidential_election,https://en.wikipedia.org/wiki/Opinion_polling_for_the_2022_French_presidential_election
2022,Jean-Luc Mélenchon,21.95,17.19,https://en.wikipedia.org/wiki/2022_French_presidential_election,https://en.wikipedia.org/wiki/Opinion_polling_for_the_2022_French_presidential_election
2022,Éric Zemmour,7.07,9.73,https://en.wikipedia.org/wiki/2022_French_presidential_election,https://en.wikipedia.org/wiki/Opinion_polling_for_the_2022_French_presidential_election
2022,Valérie Pécresse,4.78,7.85,https://en.wikipedia.org/wiki/2022_French_presidential_election,https://en.wikipedia.org/wiki/Opinion_polling_for_the_2022_French_presidential_election
2022,Yannick Jadot,4.63,4.73,https://en.wikipedia.org/wiki/2022_French_presidential_election,https://en.wikipedia.org/wiki/Opinion_polling_for_the_2022_French_presidential_election
2022,Jean Lassalle,3.13,2.53,https://en.wikipedia.org/wiki/2022_French_presidential_election,https://en.wikipedia.org/wiki/Opinion_polling_for_the_2022_French_presidential_election
