year,survey,firm,field_dates,r1_candidate,r1_party,to_finalist_a_name,to_finalist_a,to_finalist_b_name,to_finalist_b,abstain_blank_null,source_url,notes
2022,Ipsos-Sopra Steria 2nd tour: sociologie des électorats et profil des abstentionnistes (election-day survey),Ipsos-Sopra Steria,2022-04-21/2022-04-23,Jean-Luc Mélenchon,LFI,Emmanuel Macron,42,Marine Le Pen,17,41,https://www.ipsos.com/sites/default/files/ct/news/documents/2022-04/Ipsos%20Sopra%20Steria_Sociologie%20des%20e%CC%81lectorats%20et%20profil%20des%20abstentionnistes_24%20Avril%2020h.pdf,"BASE=registered R1 voters, reported vote in R2. n=4000 registered, online. For France Télévisions, Radio France, France24/RFI/MCD, Public Sénat/LCP, Le Parisien. Fielded 21-23 Apr (before polling day); Ipsos says transfers combine survey results with analysis of vote transfers in the 500 polling stations used for its R2 estimate. | Printed: blancs ou nuls 17, se sont abstenus 24; web page states 41% did not express (24 abst + 17 blank/null)."
2022,Ipsos-Sopra Steria 2nd tour: sociologie des électorats et profil des abstentionnistes (election-day survey),Ipsos-Sopra Steria,2022-04-21/2022-04-23,Yannick Jadot,EELV,Emmanuel Macron,65,Marine Le Pen,6,29,https://www.ipsos.com/sites/default/files/ct/news/documents/2022-04/Ipsos%20Sopra%20Steria_Sociologie%20des%20e%CC%81lectorats%20et%20profil%20des%20abstentionnistes_24%20Avril%2020h.pdf,"BASE=registered R1 voters, reported vote in R2. n=4000 registered, online. For France Télévisions, Radio France, France24/RFI/MCD, Public Sénat/LCP, Le Parisien. Fielded 21-23 Apr (before polling day); Ipsos says transfers combine survey results with analysis of vote transfers in the 500 polling stations used for its R2 estimate. | Printed: blancs ou nuls 13, abstenus 16; abstain_blank_null = their sum (derived)."
2022,Ipsos-Sopra Steria 2nd tour: sociologie des électorats et profil des abstentionnistes (election-day survey),Ipsos-Sopra Steria,2022-04-21/2022-04-23,Emmanuel Macron,LREM,Emmanuel Macron,98,Marine Le Pen,1,1,https://www.ipsos.com/sites/default/files/ct/news/documents/2022-04/Ipsos%20Sopra%20Steria_Sociologie%20des%20e%CC%81lectorats%20et%20profil%20des%20abstentionnistes_24%20Avril%2020h.pdf,"BASE=registered R1 voters, reported vote in R2. n=4000 registered, online. For France Télévisions, Radio France, France24/RFI/MCD, Public Sénat/LCP, Le Parisien. Fielded 21-23 Apr (before polling day); Ipsos says transfers combine survey results with analysis of vote transfers in the 500 polling stations used for its R2 estimate. | Printed: blancs ou nuls 0, abstenus 1; abstain_blank_null = their sum (derived)."
2022,Ipsos-Sopra Steria 2nd tour: sociologie des électorats et profil des abstentionnistes (election-day survey),Ipsos-Sopra Steria,2022-04-21/2022-04-23,Valérie Pécresse,LR,Emmanuel Macron,53,Marine Le Pen,18,29,https://www.ipsos.com/sites/default/files/ct/news/documents/2022-04/Ipsos%20Sopra%20Steria_Sociologie%20des%20e%CC%81lectorats%20et%20profil%20des%20abstentionnistes_24%20Avril%2020h.pdf,"BASE=registered R1 voters, reported vote in R2. n=4000 registered, online. For France Télévisions, Radio France, France24/RFI/MCD, Public Sénat/LCP, Le Parisien. Fielded 21-23 Apr (before polling day); Ipsos says transfers combine survey results with analysis of vote transfers in the 500 polling stations used for its R2 estimate. | Printed: blancs ou nuls 14, abstenus 15; abstain_blank_null = their sum (derived)."
2022,Ipsos-Sopra Steria 2nd tour: sociologie des électorats et profil des abstentionnistes (election-day survey),Ipsos-Sopra Steria,2022-04-21/2022-04-23,Marine Le Pen,RN,Emmanuel Macron,3,Marine Le Pen,91,6,https://www.ipsos.com/sites/default/files/ct/news/documents/2022-04/Ipsos%20Sopra%20Steria_Sociologie%20des%20e%CC%81lectorats%20et%20profil%20des%20abstentionnistes_24%20Avril%2020h.pdf,"BASE=registered R1 voters, reported vote in R2. n=4000 registered, online. For France Télévisions, Radio France, France24/RFI/MCD, Public Sénat/LCP, Le Parisien. Fielded 21-23 Apr (before polling day); Ipsos says transfers combine survey results with analysis of vote transfers in the 500 polling stations used for its R2 estimate. | Printed: blancs ou nuls 1, abstenus 5; abstain_blank_null = their sum (derived)."
2022,Ipsos-Sopra Steria 2nd tour: sociologie des électorats et profil des abstentionnistes (election-day survey),Ipsos-Sopra Steria,2022-04-21/2022-04-23,Éric Zemmour,REC,Emmanuel Macron,10,Marine Le Pen,73,17,https://www.ipsos.com/sites/default/files/ct/news/documents/2022-04/Ipsos%20Sopra%20Steria_Sociologie%20des%20e%CC%81lectorats%20et%20profil%20des%20abstentionnistes_24%20Avril%2020h.pdf,"BASE=registered R1 voters, reported vote in R2. n=4000 registered, online. For France Télévisions, Radio France, France24/RFI/MCD, Public Sénat/LCP, Le Parisien. Fielded 21-23 Apr (before polling day); Ipsos says transfers combine survey results with analysis of vote transfers in the 500 polling stations used for its R2 estimate. | Printed: blancs ou nuls 3, abstenus 14; abstain_blank_null = their sum (derived)."
2022,Ifop-Fiducial Sondage jour du vote: profil des électeurs et clés du scrutin (2nd tour),Ifop-Fiducial,2022-04-24,Jean-Luc Mélenchon,LFI,Emmanuel Macron,42,Marine Le Pen,13,45,https://www.ifop.com/wp-content/uploads/2022/04/118997-rapport-jdv-pre22-t2-10h-complet-25.04.pdf,"BASE=table labelled 'Base : aux votants' but third row is 'Vote blanc, nul ou abstention'. n=4827 registered, online 24 Apr 11h-18h, for TF1/LCI/Paris Match/Sud Radio; weighted to the Interior ministry estimate. Column headers are candidate photos; order (Mélenchon, Jadot, Macron, Pécresse, Le Pen, Zemmour) matched via the photo-header participation table (printed p.8), whose values equal the named 'VOTE A LA PRÉSIDENTIELLE 2022 (1er tour)' participation cross-tab in the same report. | Same report's participation table gives 46% abstention among Mélenchon R1 voters, so bases differ between tables."
2022,Ifop-Fiducial Sondage jour du vote: profil des électeurs et clés du scrutin (2nd tour),Ifop-Fiducial,2022-04-24,Yannick Jadot,EELV,Emmanuel Macron,64,Marine Le Pen,7,29,https://www.ifop.com/wp-content/uploads/2022/04/118997-rapport-jdv-pre22-t2-10h-complet-25.04.pdf,"BASE=table labelled 'Base : aux votants' but third row is 'Vote blanc, nul ou abstention'. n=4827 registered, online 24 Apr 11h-18h, for TF1/LCI/Paris Match/Sud Radio; weighted to the Interior ministry estimate. Column headers are candidate photos; order (Mélenchon, Jadot, Macron, Pécresse, Le Pen, Zemmour) matched via the photo-header participation table (printed p.8), whose values equal the named 'VOTE A LA PRÉSIDENTIELLE 2022 (1er tour)' participation cross-tab in the same report."
2022,Ifop-Fiducial Sondage jour du vote: profil des électeurs et clés du scrutin (2nd tour),Ifop-Fiducial,2022-04-24,Emmanuel Macron,LREM,Emmanuel Macron,96,Marine Le Pen,1,3,https://www.ifop.com/wp-content/uploads/2022/04/118997-rapport-jdv-pre22-t2-10h-complet-25.04.pdf,"BASE=table labelled 'Base : aux votants' but third row is 'Vote blanc, nul ou abstention'. n=4827 registered, online 24 Apr 11h-18h, for TF1/LCI/Paris Match/Sud Radio; weighted to the Interior ministry estimate. Column headers are candidate photos; order (Mélenchon, Jadot, Macron, Pécresse, Le Pen, Zemmour) matched via the photo-header participation table (printed p.8), whose values equal the named 'VOTE A LA PRÉSIDENTIELLE 2022 (1er tour)' participation cross-tab in the same report."
2022,Ifop-Fiducial Sondage jour du vote: profil des électeurs et clés du scrutin (2nd tour),Ifop-Fiducial,2022-04-24,Valérie Pécresse,LR,Emmanuel Macron,52,Marine Le Pen,18,30,https://www.ifop.com/wp-content/uploads/2022/04/118997-rapport-jdv-pre22-t2-10h-complet-25.04.pdf,"BASE=table labelled 'Base : aux votants' but third row is 'Vote blanc, nul ou abstention'. n=4827 registered, online 24 Apr 11h-18h, for TF1/LCI/Paris Match/Sud Radio; weighted to the Interior ministry estimate. Column headers are candidate photos; order (Mélenchon, Jadot, Macron, Pécresse, Le Pen, Zemmour) matched via the photo-header participation table (printed p.8), whose values equal the named 'VOTE A LA PRÉSIDENTIELLE 2022 (1er tour)' participation cross-tab in the same report."
2022,Ifop-Fiducial Sondage jour du vote: profil des électeurs et clés du scrutin (2nd tour),Ifop-Fiducial,2022-04-24,Marine Le Pen,RN,Emmanuel Macron,2,Marine Le Pen,94,4,https://www.ifop.com/wp-content/uploads/2022/04/118997-rapport-jdv-pre22-t2-10h-complet-25.04.pdf,"BASE=table labelled 'Base : aux votants' but third row is 'Vote blanc, nul ou abstention'. n=4827 registered, online 24 Apr 11h-18h, for TF1/LCI/Paris Match/Sud Radio; weighted to the Interior ministry estimate. Column headers are candidate photos; order (Mélenchon, Jadot, Macron, Pécresse, Le Pen, Zemmour) matched via the photo-header participation table (printed p.8), whose values equal the named 'VOTE A LA PRÉSIDENTIELLE 2022 (1er tour)' participation cross-tab in the same report."
2022,Ifop-Fiducial Sondage jour du vote: profil des électeurs et clés du scrutin (2nd tour),Ifop-Fiducial,2022-04-24,Éric Zemmour,REC,Emmanuel Macron,9,Marine Le Pen,78,13,https://www.ifop.com/wp-content/uploads/2022/04/118997-rapport-jdv-pre22-t2-10h-complet-25.04.pdf,"BASE=table labelled 'Base : aux votants' but third row is 'Vote blanc, nul ou abstention'. n=4827 registered, online 24 Apr 11h-18h, for TF1/LCI/Paris Match/Sud Radio; weighted to the Interior ministry estimate. Column headers are candidate photos; order (Mélenchon, Jadot, Macron, Pécresse, Le Pen, Zemmour) matched via the photo-header participation table (printed p.8), whose values equal the named 'VOTE A LA PRÉSIDENTIELLE 2022 (1er tour)' participation cross-tab in the same report."
2022,Elabe Sondage 'Jour du vote': comprendre le vote au 2nd tour,Elabe,2022-04-24,Jean-Luc Mélenchon,LFI,Emmanuel Macron,38,Marine Le Pen,18,44,https://elabe.fr/wp-content/uploads/2022/04/20220424_elabe_rapport-complet_sondage-jour-du-vote_vdef.pdf,"BASE=R1 voters (chart has no explicit base line); third category 'Abstention, vote blanc ou nul'. n=2001 metropolitan residents incl. 1900 registered, online 24 Apr, for BFMTV/L'Express/SFR/RMC. Same file also served at https://elabe.fr/fichier-pdf/9650-comprendre-le-vote-au-2nd-tour-de-lelection-presidentielle"
2022,Elabe Sondage 'Jour du vote': comprendre le vote au 2nd tour,Elabe,2022-04-24,Yannick Jadot,EELV,Emmanuel Macron,68,Marine Le Pen,8,24,https://elabe.fr/wp-content/uploads/2022/04/20220424_elabe_rapport-complet_sondage-jour-du-vote_vdef.pdf,"BASE=R1 voters (chart has no explicit base line); third category 'Abstention, vote blanc ou nul'. n=2001 metropolitan residents incl. 1900 registered, online 24 Apr, for BFMTV/L'Express/SFR/RMC. Same file also served at https://elabe.fr/fichier-pdf/9650-comprendre-le-vote-au-2nd-tour-de-lelection-presidentielle"
2022,Elabe Sondage 'Jour du vote': comprendre le vote au 2nd tour,Elabe,2022-04-24,Emmanuel Macron,LREM,Emmanuel Macron,95,Marine Le Pen,2,3,https://elabe.fr/wp-content/uploads/2022/04/20220424_elabe_rapport-complet_sondage-jour-du-vote_vdef.pdf,"BASE=R1 voters (chart has no explicit base line); third category 'Abstention, vote blanc ou nul'. n=2001 metropolitan residents incl. 1900 registered, online 24 Apr, for BFMTV/L'Express/SFR/RMC. Same file also served at https://elabe.fr/fichier-pdf/9650-comprendre-le-vote-au-2nd-tour-de-lelection-presidentielle"
2022,Elabe Sondage 'Jour du vote': comprendre le vote au 2nd tour,Elabe,2022-04-24,Valérie Pécresse,LR,Emmanuel Macron,51,Marine Le Pen,22,27,https://elabe.fr/wp-content/uploads/2022/04/20220424_elabe_rapport-complet_sondage-jour-du-vote_vdef.pdf,"BASE=R1 voters (chart has no explicit base line); third category 'Abstention, vote blanc ou nul'. n=2001 metropolitan residents incl. 1900 registered, online 24 Apr, for BFMTV/L'Express/SFR/RMC. Same file also served at https://elabe.fr/fichier-pdf/9650-comprendre-le-vote-au-2nd-tour-de-lelection-presidentielle"
2022,Elabe Sondage 'Jour du vote': comprendre le vote au 2nd tour,Elabe,2022-04-24,Marine Le Pen,RN,Emmanuel Macron,5,Marine Le Pen,90,5,https://elabe.fr/wp-content/uploads/2022/04/20220424_elabe_rapport-complet_sondage-jour-du-vote_vdef.pdf,"BASE=R1 voters (chart has no explicit base line); third category 'Abstention, vote blanc ou nul'. n=2001 metropolitan residents incl. 1900 registered, online 24 Apr, for BFMTV/L'Express/SFR/RMC. Same file also served at https://elabe.fr/fichier-pdf/9650-comprendre-le-vote-au-2nd-tour-de-lelection-presidentielle"
2022,Elabe Sondage 'Jour du vote': comprendre le vote au 2nd tour,Elabe,2022-04-24,Éric Zemmour,REC,Emmanuel Macron,11,Marine Le Pen,80,9,https://elabe.fr/wp-content/uploads/2022/04/20220424_elabe_rapport-complet_sondage-jour-du-vote_vdef.pdf,"BASE=R1 voters (chart has no explicit base line); third category 'Abstention, vote blanc ou nul'. n=2001 metropolitan residents incl. 1900 registered, online 24 Apr, for BFMTV/L'Express/SFR/RMC. Same file also served at https://elabe.fr/fichier-pdf/9650-comprendre-le-vote-au-2nd-tour-de-lelection-presidentielle"
2022,OpinionWay Sondage jour du vote (2nd tour),OpinionWay,2022-04-24,Jean-Luc Mélenchon,LFI,Emmanuel Macron,54,Marine Le Pen,24,22,https://www.opinion-way.com/wp-content/uploads/2022/04/OpinionWay-pour-CNEWS-et-Europe-1-Sondage-jour-du-vote-24-avril-2022.pdf,"BASE=registered; third category 'Abstention / Blanc / Nul'. n=5719 registered (from 5863), online 24 Apr, for CNEWS/Europe 1. PDF is image-only: values read from rendered page 5."
2022,OpinionWay Sondage jour du vote (2nd tour),OpinionWay,2022-04-24,Yannick Jadot,EELV,Emmanuel Macron,81,Marine Le Pen,8,11,https://www.opinion-way.com/wp-content/uploads/2022/04/OpinionWay-pour-CNEWS-et-Europe-1-Sondage-jour-du-vote-24-avril-2022.pdf,"BASE=registered; third category 'Abstention / Blanc / Nul'. n=5719 registered (from 5863), online 24 Apr, for CNEWS/Europe 1. PDF is image-only: values read from rendered page 5."
2022,OpinionWay Sondage jour du vote (2nd tour),OpinionWay,2022-04-24,Emmanuel Macron,LREM,Emmanuel Macron,98,Marine Le Pen,1,1,https://www.opinion-way.com/wp-content/uploads/2022/04/OpinionWay-pour-CNEWS-et-Europe-1-Sondage-jour-du-vote-24-avril-2022.pdf,"BASE=registered; third category 'Abstention / Blanc / Nul'. n=5719 registered (from 5863), online 24 Apr, for CNEWS/Europe 1. PDF is image-only: values read from rendered page 5."
2022,OpinionWay Sondage jour du vote (2nd tour),OpinionWay,2022-04-24,Valérie Pécresse,LR,Emmanuel Macron,63,Marine Le Pen,24,13,https://www.opinion-way.com/wp-content/uploads/2022/04/OpinionWay-pour-CNEWS-et-Europe-1-Sondage-jour-du-vote-24-avril-2022.pdf,"BASE=registered; third category 'Abstention / Blanc / Nul'. n=5719 registered (from 5863), online 24 Apr, for CNEWS/Europe 1. PDF is image-only: values read from rendered page 5."
2022,OpinionWay Sondage jour du vote (2nd tour),OpinionWay,2022-04-24,Éric Zemmour,REC,Emmanuel Macron,13,Marine Le Pen,83,4,https://www.opinion-way.com/wp-content/uploads/2022/04/OpinionWay-pour-CNEWS-et-Europe-1-Sondage-jour-du-vote-24-avril-2022.pdf,"BASE=registered; third category 'Abstention / Blanc / Nul'. n=5719 registered (from 5863), online 24 Apr, for CNEWS/Europe 1. PDF is image-only: values read from rendered page 5."
2022,OpinionWay Sondage jour du vote (2nd tour),OpinionWay,2022-04-24,Marine Le Pen,RN,Emmanuel Macron,4,Marine Le Pen,94,2,https://www.opinion-way.com/wp-content/uploads/2022/04/OpinionWay-pour-CNEWS-et-Europe-1-Sondage-jour-du-vote-24-avril-2022.pdf,"BASE=registered; third category 'Abstention / Blanc / Nul'. n=5719 registered (from 5863), online 24 Apr, for CNEWS/Europe 1. PDF is image-only: values read from rendered page 5."
2022,OpinionWay Sondage jour du vote (2nd tour),OpinionWay,2022-04-24,_r1_abstention_blank_null,,Emmanuel Macron,37,Marine Le Pen,28,35,https://www.opinion-way.com/wp-content/uploads/2022/04/OpinionWay-pour-CNEWS-et-Europe-1-Sondage-jour-du-vote-24-avril-2022.pdf,"BASE=registered; third category 'Abstention / Blanc / Nul'. n=5719 registered (from 5863), online 24 Apr, for CNEWS/Europe 1. PDF is image-only: values read from rendered page 5. | Column 'Abstention, blancs et nuls' (R1 non-voters / blank / null)."
2022,Harris Interactive-Toluna Sociologie du vote second tour (jour du vote),Harris Interactive-Toluna,2022-04-24,Fabien Roussel,PCF,Emmanuel Macron,80.2,Marine Le Pen,19.8,,https://tolunacorporate.com/wp-content/uploads/2025/05/Sociologie_du_vote-24042022.pdf,"BASE=expressed votes only ('En % de votes exprimés'); no abstention/blank/null figure published, so abstain_blank_null is empty. n=6683 registered (from 7311), online 24 Apr; M6/RTL logos."
2022,Harris Interactive-Toluna Sociologie du vote second tour (jour du vote),Harris Interactive-Toluna,2022-04-24,Jean-Luc Mélenchon,LFI,Emmanuel Macron,75.8,Marine Le Pen,24.2,,https://tolunacorporate.com/wp-content/uploads/2025/05/Sociologie_du_vote-24042022.pdf,"BASE=expressed votes only ('En % de votes exprimés'); no abstention/blank/null figure published, so abstain_blank_null is empty. n=6683 registered (from 7311), online 24 Apr; M6/RTL logos."
2022,Harris Interactive-Toluna Sociologie du vote second tour (jour du vote),Harris Interactive-Toluna,2022-04-24,Anne Hidalgo,PS,Emmanuel Macron,86.1,Marine Le Pen,13.9,,https://tolunacorporate.com/wp-content/uploads/2025/05/Sociologie_du_vote-24042022.pdf,"BASE=expressed votes only ('En % de votes exprimés'); no abstention/blank/null figure published, so abstain_blank_null is empty. n=6683 registered (from 7311), online 24 Apr; M6/RTL logos."
2022,Harris Interactive-Toluna Sociologie du vote second tour (jour du vote),Harris Interactive-Toluna,2022-04-24,Yannick Jadot,EELV,Emmanuel Macron,88.6,Marine Le Pen,11.4,,https://tolunacorporate.com/wp-content/uploads/2025/05/Sociologie_du_vote-24042022.pdf,"BASE=expressed votes only ('En % de votes exprimés'); no abstention/blank/null figure published, so abstain_blank_null is empty. n=6683 registered (from 7311), online 24 Apr; M6/RTL logos."
2022,Harris Interactive-Toluna Sociologie du vote second tour (jour du vote),Harris Interactive-Toluna,2022-04-24,Emmanuel Macron,LREM,Emmanuel Macron,98.5,Marine Le Pen,1.5,,https://tolunacorporate.com/wp-content/uploads/2025/05/Sociologie_du_vote-24042022.pdf,"BASE=expressed votes only ('En % de votes exprimés'); no abstention/blank/null figure published, so abstain_blank_null is empty. n=6683 registered (from 7311), online 24 Apr; M6/RTL logos."
2022,Harris Interactive-Toluna Sociologie du vote second tour (jour du vote),Harris Interactive-Toluna,2022-04-24,Valérie Pécresse,LR,Emmanuel Macron,71.9,Marine Le Pen,28.1,,https://tolunacorporate.com/wp-content/uploads/2025/05/Sociologie_du_vote-24042022.pdf,"BASE=expressed votes only ('En % de votes exprimés'); no abstention/blank/null figure published, so abstain_blank_null is empty. n=6683 registered (from 7311), online 24 Apr; M6/RTL logos."
2022,Harris Interactive-Toluna Sociologie du vote second tour (jour du vote),Harris Interactive-Toluna,2022-04-24,Nicolas Dupont-Aignan,DLF,Emmanuel Macron,22.6,Marine Le Pen,77.4,,https://tolunacorporate.com/wp-content/uploads/2025/05/Sociologie_du_vote-24042022.pdf,"BASE=expressed votes only ('En % de votes exprimés'); no abstention/blank/null figure published, so abstain_blank_null is empty. n=6683 registered (from 7311), online 24 Apr; M6/RTL logos."
2022,Harris Interactive-Toluna Sociologie du vote second tour (jour du vote),Harris Interactive-Toluna,2022-04-24,Marine Le Pen,RN,Emmanuel Macron,3.9,Marine Le Pen,96.1,,https://tolunacorporate.com/wp-content/uploads/2025/05/Sociologie_du_vote-24042022.pdf,"BASE=expressed votes only ('En % de votes exprimés'); no abstention/blank/null figure published, so abstain_blank_null is empty. n=6683 registered (from 7311), online 24 Apr; M6/RTL logos."
2022,Harris Interactive-Toluna Sociologie du vote second tour (jour du vote),Harris Interactive-Toluna,2022-04-24,Éric Zemmour,REC,Emmanuel Macron,12.9,Marine Le Pen,87.1,,https://tolunacorporate.com/wp-content/uploads/2025/05/Sociologie_du_vote-24042022.pdf,"BASE=expressed votes only ('En % de votes exprimés'); no abstention/blank/null figure published, so abstain_blank_null is empty. n=6683 registered (from 7311), online 24 Apr; M6/RTL logos."
2022,Harris Interactive-Toluna Sociologie du vote second tour (jour du vote),Harris Interactive-Toluna,2022-04-24,Jean Lassalle,RES,Emmanuel Macron,52,Marine Le Pen,48,,https://tolunacorporate.com/wp-content/uploads/2025/05/Sociologie_du_vote-24042022.pdf,"BASE=expressed votes only ('En % de votes exprimés'); no abstention/blank/null figure published, so abstain_blank_null is empty. n=6683 registered (from 7311), online 24 Apr; M6/RTL logos."
2022,"Ipsos-Sopra Steria / Le Monde intention de vote 2nd tour (final pre-R2 wave, PRE-ELECTION POLL)",Ipsos-Sopra Steria,2022-04-22,Jean-Luc Mélenchon,LFI,Emmanuel Macron,41,Marine Le Pen,21,38,https://www.ipsos.com/sites/default/files/ct/news/documents/2022-04/Rapport%20Ipsos_LeMonde%20_Intention%20de%20vote%20pre%CC%81sidentielle%202nd%20tour%202022.pdf,"PRE-ELECTION intention. BASE=all registered ('En %, base inscrits'); third category 'Non exprimés' (no intention expressed, incl. likely abstainers). n=12129 registered (panel). Ensemble row: 37/29/34."
2022,"Ipsos-Sopra Steria / Le Monde intention de vote 2nd tour (final pre-R2 wave, PRE-ELECTION POLL)",Ipsos-Sopra Steria,2022-04-22,Fabien Roussel,PCF,Emmanuel Macron,43,Marine Le Pen,13,44,https://www.ipsos.com/sites/default/files/ct/news/documents/2022-04/Rapport%20Ipsos_LeMonde%20_Intention%20de%20vote%20pre%CC%81sidentielle%202nd%20tour%202022.pdf,"PRE-ELECTION intention. BASE=all registered ('En %, base inscrits'); third category 'Non exprimés' (no intention expressed, incl. likely abstainers). n=12129 registered (panel). Ensemble row: 37/29/34."
2022,"Ipsos-Sopra Steria / Le Monde intention de vote 2nd tour (final pre-R2 wave, PRE-ELECTION POLL)",Ipsos-Sopra Steria,2022-04-22,Yannick Jadot,EELV,Emmanuel Macron,65,Marine Le Pen,7,28,https://www.ipsos.com/sites/default/files/ct/news/documents/2022-04/Rapport%20Ipsos_LeMonde%20_Intention%20de%20vote%20pre%CC%81sidentielle%202nd%20tour%202022.pdf,"PRE-ELECTION intention. BASE=all registered ('En %, base inscrits'); third category 'Non exprimés' (no intention expressed, incl. likely abstainers). n=12129 registered (panel). Ensemble row: 37/29/34."
2022,"Ipsos-Sopra Steria / Le Monde intention de vote 2nd tour (final pre-R2 wave, PRE-ELECTION POLL)",Ipsos-Sopra Steria,2022-04-22,Anne Hidalgo,PS,Emmanuel Macron,67,Marine Le Pen,7,26,https://www.ipsos.com/sites/default/files/ct/news/documents/2022-04/Rapport%20Ipsos_LeMonde%20_Intention%20de%20vote%20pre%CC%81sidentielle%202nd%20tour%202022.pdf,"PRE-ELECTION intention. BASE=all registered ('En %, base inscrits'); third category 'Non exprimés' (no intention expressed, incl. likely abstainers). n=12129 registered (panel). Ensemble row: 37/29/34."
2022,"Ipsos-Sopra Steria / Le Monde intention de vote 2nd tour (final pre-R2 wave, PRE-ELECTION POLL)",Ipsos-Sopra Steria,2022-04-22,Emmanuel Macron,LREM,Emmanuel Macron,98,Marine Le Pen,1,1,https://www.ipsos.com/sites/default/files/ct/news/documents/2022-04/Rapport%20Ipsos_LeMonde%20_Intention%20de%20vote%20pre%CC%81sidentielle%202nd%20tour%202022.pdf,"PRE-ELECTION intention. BASE=all registered ('En %, base inscrits'); third category 'Non exprimés' (no intention expressed, incl. likely abstainers). n=12129 registered (panel). Ensemble row: 37/29/34."
2022,"Ipsos-Sopra Steria / Le Monde intention de vote 2nd tour (final pre-R2 wave, PRE-ELECTION POLL)",Ipsos-Sopra Steria,2022-04-22,Valérie Pécresse,LR,Emmanuel Macron,50,Marine Le Pen,22,28,https://www.ipsos.com/sites/default/files/ct/news/documents/2022-04/Rapport%20Ipsos_LeMonde%20_Intention%20de%20vote%20pre%CC%81sidentielle%202nd%20tour%202022.pdf,"PRE-ELECTION intention. BASE=all registered ('En %, base inscrits'); third category 'Non exprimés' (no intention expressed, incl. likely abstainers). n=12129 registered (panel). Ensemble row: 37/29/34."
2022,"Ipsos-Sopra Steria / Le Monde intention de vote 2nd tour (final pre-R2 wave, PRE-ELECTION POLL)",Ipsos-Sopra Steria,2022-04-22,Jean Lassalle,RES,Emmanuel Macron,30,Marine Le Pen,32,38,https://www.ipsos.com/sites/default/files/ct/news/documents/2022-04/Rapport%20Ipsos_LeMonde%20_Intention%20de%20vote%20pre%CC%81sidentielle%202nd%20tour%202022.pdf,"PRE-ELECTION intention. BASE=all registered ('En %, base inscrits'); third category 'Non exprimés' (no intention expressed, incl. likely abstainers). n=12129 registered (panel). Ensemble row: 37/29/34."
2022,"Ipsos-Sopra Steria / Le Monde intention de vote 2nd tour (final pre-R2 wave, PRE-ELECTION POLL)",Ipsos-Sopra Steria,2022-04-22,Nicolas Dupont-Aignan,DLF,Emmanuel Macron,11,Marine Le Pen,65,24,https://www.ipsos.com/sites/default/files/ct/news/documents/2022-04/Rapport%20Ipsos_LeMonde%20_Intention%20de%20vote%20pre%CC%81sidentielle%202nd%20tour%202022.pdf,"PRE-ELECTION intention. BASE=all registered ('En %, base inscrits'); third category 'Non exprimés' (no intention expressed, incl. likely abstainers). n=12129 registered (panel). Ensemble row: 37/29/34."
2022,"Ipsos-Sopra Steria / Le Monde intention de vote 2nd tour (final pre-R2 wave, PRE-ELECTION POLL)",Ipsos-Sopra Steria,2022-04-22,Marine Le Pen,RN,Emmanuel Macron,3,Marine Le Pen,93,4,https://www.ipsos.com/sites/default/files/ct/news/documents/2022-04/Rapport%20Ipsos_LeMonde%20_Intention%20de%20vote%20pre%CC%81sidentielle%202nd%20tour%202022.pdf,"PRE-ELECTION intention. BASE=all registered ('En %, base inscrits'); third category 'Non exprimés' (no intention expressed, incl. likely abstainers). n=12129 registered (panel). Ensemble row: 37/29/34."
2022,"Ipsos-Sopra Steria / Le Monde intention de vote 2nd tour (final pre-R2 wave, PRE-ELECTION POLL)",Ipsos-Sopra Steria,2022-04-22,Éric Zemmour,REC,Emmanuel Macron,9,Marine Le Pen,78,13,https://www.ipsos.com/sites/default/files/ct/news/documents/2022-04/Rapport%20Ipsos_LeMonde%20_Intention%20de%20vote%20pre%CC%81sidentielle%202nd%20tour%202022.pdf,"PRE-ELECTION intention. BASE=all registered ('En %, base inscrits'); third category 'Non exprimés' (no intention expressed, incl. likely abstainers). n=12129 registered (panel). Ensemble row: 37/29/34."
2022,"Ifop-Fiducial rolling 22 avril 2022 (final pre-R2 rolling, PRE-ELECTION POLL)",Ifop-Fiducial,2022-04-19/2022-04-22,Jean-Luc Mélenchon,LFI,Emmanuel Macron,40,Marine Le Pen,19,41,https://www.ifop.com/wp-content/uploads/2022/04/ROL22_2022.04.22.pdf,"PRE-ELECTION intention. BASE=R1 voters; third category 'le vote blanc, nul, ou l'abstention'. n=3010 adults (metropolitan France), online 19-22 Apr, for Paris Match/LCI/Sud Radio."
2022,"Ifop-Fiducial rolling 22 avril 2022 (final pre-R2 rolling, PRE-ELECTION POLL)",Ifop-Fiducial,2022-04-19/2022-04-22,Yannick Jadot,EELV,Emmanuel Macron,63,Marine Le Pen,6,31,https://www.ifop.com/wp-content/uploads/2022/04/ROL22_2022.04.22.pdf,"PRE-ELECTION intention. BASE=R1 voters; third category 'le vote blanc, nul, ou l'abstention'. n=3010 adults (metropolitan France), online 19-22 Apr, for Paris Match/LCI/Sud Radio."
2022,"Ifop-Fiducial rolling 22 avril 2022 (final pre-R2 rolling, PRE-ELECTION POLL)",Ifop-Fiducial,2022-04-19/2022-04-22,Emmanuel Macron,LREM,Emmanuel Macron,96,Marine Le Pen,2,2,https://www.ifop.com/wp-content/uploads/2022/04/ROL22_2022.04.22.pdf,"PRE-ELECTION intention. BASE=R1 voters; third category 'le vote blanc, nul, ou l'abstention'. n=3010 adults (metropolitan France), online 19-22 Apr, for Paris Match/LCI/Sud Radio."
2022,"Ifop-Fiducial rolling 22 avril 2022 (final pre-R2 rolling, PRE-ELECTION POLL)",Ifop-Fiducial,2022-04-19/2022-04-22,Valérie Pécresse,LR,Emmanuel Macron,48,Marine Le Pen,24,28,https://www.ifop.com/wp-content/uploads/2022/04/ROL22_2022.04.22.pdf,"PRE-ELECTION intention. BASE=R1 voters; third category 'le vote blanc, nul, ou l'abstention'. n=3010 adults (metropolitan France), online 19-22 Apr, for Paris Match/LCI/Sud Radio."
2022,"Ifop-Fiducial rolling 22 avril 2022 (final pre-R2 rolling, PRE-ELECTION POLL)",Ifop-Fiducial,2022-04-19/2022-04-22,Marine Le Pen,RN,Emmanuel Macron,3,Marine Le Pen,94,3,https://www.ifop.com/wp-content/uploads/2022/04/ROL22_2022.04.22.pdf,"PRE-ELECTION intention. BASE=R1 voters; third category 'le vote blanc, nul, ou l'abstention'. n=3010 adults (metropolitan France), online 19-22 Apr, for Paris Match/LCI/Sud Radio."
2022,"Ifop-Fiducial rolling 22 avril 2022 (final pre-R2 rolling, PRE-ELECTION POLL)",Ifop-Fiducial,2022-04-19/2022-04-22,Éric Zemmour,REC,Emmanuel Macron,11,Marine Le Pen,75,14,https://www.ifop.com/wp-content/uploads/2022/04/ROL22_2022.04.22.pdf,"PRE-ELECTION intention. BASE=R1 voters; third category 'le vote blanc, nul, ou l'abstention'. n=3010 adults (metropolitan France), online 19-22 Apr, for Paris Match/LCI/Sud Radio."
2022,"Ifop-Fiducial rolling 22 avril 2022 (final pre-R2 rolling, PRE-ELECTION POLL)",Ifop-Fiducial,2022-04-19/2022-04-22,_r1_abstention_blank_null,,Emmanuel Macron,27,Marine Le Pen,23,50,https://www.ifop.com/wp-content/uploads/2022/04/ROL22_2022.04.22.pdf,"PRE-ELECTION intention. BASE=R1 voters; third category 'le vote blanc, nul, ou l'abstention'. n=3010 adults (metropolitan France), online 19-22 Apr, for Paris Match/LCI/Sud Radio. | Row 'Blanc, nul, ABSTENTION' (R1 non-voters / blank / null)."
2022,"Elabe Les Français et le second tour de l'élection présidentielle 2022 (final pre-R2 wave, PRE-ELECTION POLL)",Elabe,2022-04-21/2022-04-22,Jean-Luc Mélenchon,LFI,Emmanuel Macron,45,Marine Le Pen,24,31,https://elabe.fr/wp-content/uploads/2022/04/les-francais-et-le-2nd-tour-de-lelection-presidentielle-2022.pdf,"PRE-ELECTION intention. BASE=registered with probability of voting 9-10/10 (likely abstainers excluded); third category 'N'exprime pas d'intention de vote, blanc ou nul'. n=1800 incl. 1709 registered, online 21-22 Apr, for BFMTV/L'Express/SFR."
2022,"Elabe Les Français et le second tour de l'élection présidentielle 2022 (final pre-R2 wave, PRE-ELECTION POLL)",Elabe,2022-04-21/2022-04-22,Yannick Jadot,EELV,Emmanuel Macron,63,Marine Le Pen,12,25,https://elabe.fr/wp-content/uploads/2022/04/les-francais-et-le-2nd-tour-de-lelection-presidentielle-2022.pdf,"PRE-ELECTION intention. BASE=registered with probability of voting 9-10/10 (likely abstainers excluded); third category 'N'exprime pas d'intention de vote, blanc ou nul'. n=1800 incl. 1709 registered, online 21-22 Apr, for BFMTV/L'Express/SFR."
2022,"Elabe Les Français et le second tour de l'élection présidentielle 2022 (final pre-R2 wave, PRE-ELECTION POLL)",Elabe,2022-04-21/2022-04-22,Emmanuel Macron,LREM,Emmanuel Macron,97,Marine Le Pen,2,1,https://elabe.fr/wp-content/uploads/2022/04/les-francais-et-le-2nd-tour-de-lelection-presidentielle-2022.pdf,"PRE-ELECTION intention. BASE=registered with probability of voting 9-10/10 (likely abstainers excluded); third category 'N'exprime pas d'intention de vote, blanc ou nul'. n=1800 incl. 1709 registered, online 21-22 Apr, for BFMTV/L'Express/SFR."
2022,"Elabe Les Français et le second tour de l'élection présidentielle 2022 (final pre-R2 wave, PRE-ELECTION POLL)",Elabe,2022-04-21/2022-04-22,Valérie Pécresse,LR,Emmanuel Macron,42,Marine Le Pen,29,29,https://elabe.fr/wp-content/uploads/2022/04/les-francais-et-le-2nd-tour-de-lelection-presidentielle-2022.pdf,"PRE-ELECTION intention. BASE=registered with probability of voting 9-10/10 (likely abstainers excluded); third category 'N'exprime pas d'intention de vote, blanc ou nul'. n=1800 incl. 1709 registered, online 21-22 Apr, for BFMTV/L'Express/SFR."
2022,"Elabe Les Français et le second tour de l'élection présidentielle 2022 (final pre-R2 wave, PRE-ELECTION POLL)",Elabe,2022-04-21/2022-04-22,Marine Le Pen,RN,Emmanuel Macron,4,Marine Le Pen,95,1,https://elabe.fr/wp-content/uploads/2022/04/les-francais-et-le-2nd-tour-de-lelection-presidentielle-2022.pdf,"PRE-ELECTION intention. BASE=registered with probability of voting 9-10/10 (likely abstainers excluded); third category 'N'exprime pas d'intention de vote, blanc ou nul'. n=1800 incl. 1709 registered, online 21-22 Apr, for BFMTV/L'Express/SFR."
2022,"Elabe Les Français et le second tour de l'élection présidentielle 2022 (final pre-R2 wave, PRE-ELECTION POLL)",Elabe,2022-04-21/2022-04-22,Éric Zemmour,REC,Emmanuel Macron,14,Marine Le Pen,82,5,https://elabe.fr/wp-content/uploads/2022/04/les-francais-et-le-2nd-tour-de-lelection-presidentielle-2022.pdf,"PRE-ELECTION intention. BASE=registered with probability of voting 9-10/10 (likely abstainers excluded); third category 'N'exprime pas d'intention de vote, blanc ou nul'. n=1800 incl. 1709 registered, online 21-22 Apr, for BFMTV/L'Express/SFR. | Printed values sum to 101 (rounding)."
2022,Harris Interactive-Toluna baromètre d'intentions de vote vague 43 (PRE-ELECTION POLL),Harris Interactive-Toluna,2022-04-15/2022-04-18,Fabien Roussel,PCF,Emmanuel Macron,35,Marine Le Pen,23,42,https://tolunacorporate.com/wp-content/uploads/2025/05/Rapport-Harris-Interactive-Toluna-V43-Intentions-de-vote-Presidentielle-2022-Challenges.pdf,"PRE-ELECTION intention, before the 20 Apr debate. BASE=registered ('Aux inscrits... en % de votes'); third category 'Non exprimés (blancs, nuls, abstention)'. n=2363 incl. 2028 registered, online 15-18 Apr, for Challenges. Latest Harris wave found; a later one may exist."
2022,Harris Interactive-Toluna baromètre d'intentions de vote vague 43 (PRE-ELECTION POLL),Harris Interactive-Toluna,2022-04-15/2022-04-18,Jean-Luc Mélenchon,LFI,Emmanuel Macron,38,Marine Le Pen,21,41,https://tolunacorporate.com/wp-content/uploads/2025/05/Rapport-Harris-Interactive-Toluna-V43-Intentions-de-vote-Presidentielle-2022-Challenges.pdf,"PRE-ELECTION intention, before the 20 Apr debate. BASE=registered ('Aux inscrits... en % de votes'); third category 'Non exprimés (blancs, nuls, abstention)'. n=2363 incl. 2028 registered, online 15-18 Apr, for Challenges. Latest Harris wave found; a later one may exist."
2022,Harris Interactive-Toluna baromètre d'intentions de vote vague 43 (PRE-ELECTION POLL),Harris Interactive-Toluna,2022-04-15/2022-04-18,Anne Hidalgo,PS,Emmanuel Macron,57,Marine Le Pen,15,28,https://tolunacorporate.com/wp-content/uploads/2025/05/Rapport-Harris-Interactive-Toluna-V43-Intentions-de-vote-Presidentielle-2022-Challenges.pdf,"PRE-ELECTION intention, before the 20 Apr debate. BASE=registered ('Aux inscrits... en % de votes'); third category 'Non exprimés (blancs, nuls, abstention)'. n=2363 incl. 2028 registered, online 15-18 Apr, for Challenges. Latest Harris wave found; a later one may exist."
2022,Harris Interactive-Toluna baromètre d'intentions de vote vague 43 (PRE-ELECTION POLL),Harris Interactive-Toluna,2022-04-15/2022-04-18,Yannick Jadot,EELV,Emmanuel Macron,50,Marine Le Pen,8,42,https://tolunacorporate.com/wp-content/uploads/2025/05/Rapport-Harris-Interactive-Toluna-V43-Intentions-de-vote-Presidentielle-2022-Challenges.pdf,"PRE-ELECTION intention, before the 20 Apr debate. BASE=registered ('Aux inscrits... en % de votes'); third category 'Non exprimés (blancs, nuls, abstention)'. n=2363 incl. 2028 registered, online 15-18 Apr, for Challenges. Latest Harris wave found; a later one may exist."
2022,Harris Interactive-Toluna baromètre d'intentions de vote vague 43 (PRE-ELECTION POLL),Harris Interactive-Toluna,2022-04-15/2022-04-18,Emmanuel Macron,LREM,Emmanuel Macron,97,Marine Le Pen,2,1,https://tolunacorporate.com/wp-content/uploads/2025/05/Rapport-Harris-Interactive-Toluna-V43-Intentions-de-vote-Presidentielle-2022-Challenges.pdf,"PRE-ELECTION intention, before the 20 Apr debate. BASE=registered ('Aux inscrits... en % de votes'); third category 'Non exprimés (blancs, nuls, abstention)'. n=2363 incl. 2028 registered, online 15-18 Apr, for Challenges. Latest Harris wave found; a later one may exist."
2022,Harris Interactive-Toluna baromètre d'intentions de vote vague 43 (PRE-ELECTION POLL),Harris Interactive-Toluna,2022-04-15/2022-04-18,Valérie Pécresse,LR,Emmanuel Macron,43,Marine Le Pen,24,33,https://tolunacorporate.com/wp-content/uploads/2025/05/Rapport-Harris-Interactive-Toluna-V43-Intentions-de-vote-Presidentielle-2022-Challenges.pdf,"PRE-ELECTION intention, before the 20 Apr debate. BASE=registered ('Aux inscrits... en % de votes'); third category 'Non exprimés (blancs, nuls, abstention)'. n=2363 incl. 2028 registered, online 15-18 Apr, for Challenges. Latest Harris wave found; a later one may exist."
2022,Harris Interactive-Toluna baromètre d'intentions de vote vague 43 (PRE-ELECTION POLL),Harris Interactive-Toluna,2022-04-15/2022-04-18,Nicolas Dupont-Aignan,DLF,Emmanuel Macron,10,Marine Le Pen,63,27,https://tolunacorporate.com/wp-content/uploads/2025/05/Rapport-Harris-Interactive-Toluna-V43-Intentions-de-vote-Presidentielle-2022-Challenges.pdf,"PRE-ELECTION intention, before the 20 Apr debate. BASE=registered ('Aux inscrits... en % de votes'); third category 'Non exprimés (blancs, nuls, abstention)'. n=2363 incl. 2028 registered, online 15-18 Apr, for Challenges. Latest Harris wave found; a later one may exist."
2022,Harris Interactive-Toluna baromètre d'intentions de vote vague 43 (PRE-ELECTION POLL),Harris Interactive-Toluna,2022-04-15/2022-04-18,Marine Le Pen,RN,Emmanuel Macron,2,Marine Le Pen,95,3,https://tolunacorporate.com/wp-content/uploads/2025/05/Rapport-Harris-Interactive-Toluna-V43-Intentions-de-vote-Presidentielle-2022-Challenges.pdf,"PRE-ELECTION intention, before the 20 Apr debate. BASE=registered ('Aux inscrits... en % de votes'); third category 'Non exprimés (blancs, nuls, abstention)'. n=2363 incl. 2028 registered, online 15-18 Apr, for Challenges. Latest Harris wave found; a later one may exist."
2022,Harris Interactive-Toluna baromètre d'intentions de vote vague 43 (PRE-ELECTION POLL),Harris Interactive-Toluna,2022-04-15/2022-04-18,Éric Zemmour,REC,Emmanuel Macron,13,Marine Le Pen,79,8,https://tolunacorporate.com/wp-content/uploads/2025/05/Rapport-Harris-Interactive-Toluna-V43-Intentions-de-vote-Presidentielle-2022-Challenges.pdf,"PRE-ELECTION intention, before the 20 Apr debate. BASE=registered ('Aux inscrits... en % de votes'); third category 'Non exprimés (blancs, nuls, abstention)'. n=2363 incl. 2028 registered, online 15-18 Apr, for Challenges. Latest Harris wave found; a later one may exist."
2022,Harris Interactive-Toluna baromètre d'intentions de vote vague 43 (PRE-ELECTION POLL),Harris Interactive-Toluna,2022-04-15/2022-04-18,Jean Lassalle,RES,Emmanuel Macron,19,Marine Le Pen,39,42,https://tolunacorporate.com/wp-content/uploads/2025/05/Rapport-Harris-Interactive-Toluna-V43-Intentions-de-vote-Presidentielle-2022-Challenges.pdf,"PRE-ELECTION intention, before the 20 Apr debate. BASE=registered ('Aux inscrits... en % de votes'); third category 'Non exprimés (blancs, nuls, abstention)'. n=2363 incl. 2028 registered, online 15-18 Apr, for Challenges. Latest Harris wave found; a later one may exist."
2017,Ipsos-Sopra Steria 2nd tour: sociologie des électorats et profil des abstentionnistes (election-day survey),Ipsos-Sopra Steria,2017-05-04/2017-05-06,François Fillon,LR,Emmanuel Macron,48,Marine Le Pen,20,32,https://www.ipsos.com/sites/default/files/files-fr-fr/doc_associe/ipsos_sopra_steria_sociologie_des_electorats_7_mai_20h15_0.pdf,"BASE=registered R1 voters, reported vote in R2. n=4838 registered, online. Fielded 4-6 May (before polling day); Ipsos says transfers combine survey results with analysis of vote transfers in the 500 polling stations used for its R2 estimate. Macron and Le Pen R1 electorates not reported. | Printed: blancs ou nuls 15, se sont abstenus 17; web page states 32% of Fillon voters did not decide."
2017,Ipsos-Sopra Steria 2nd tour: sociologie des électorats et profil des abstentionnistes (election-day survey),Ipsos-Sopra Steria,2017-05-04/2017-05-06,Jean-Luc Mélenchon,LFI,Emmanuel Macron,52,Marine Le Pen,7,41,https://www.ipsos.com/sites/default/files/files-fr-fr/doc_associe/ipsos_sopra_steria_sociologie_des_electorats_7_mai_20h15_0.pdf,"BASE=registered R1 voters, reported vote in R2. n=4838 registered, online. Fielded 4-6 May (before polling day); Ipsos says transfers combine survey results with analysis of vote transfers in the 500 polling stations used for its R2 estimate. Macron and Le Pen R1 electorates not reported. | Printed: blancs ou nuls 17, abstenus 24; web page states 41% (24 abst + 17 blank/null)."
2017,Ipsos-Sopra Steria 2nd tour: sociologie des électorats et profil des abstentionnistes (election-day survey),Ipsos-Sopra Steria,2017-05-04/2017-05-06,Benoît Hamon,PS,Emmanuel Macron,71,Marine Le Pen,2,27,https://www.ipsos.com/sites/default/files/files-fr-fr/doc_associe/ipsos_sopra_steria_sociologie_des_electorats_7_mai_20h15_0.pdf,"BASE=registered R1 voters, reported vote in R2. n=4838 registered, online. Fielded 4-6 May (before polling day); Ipsos says transfers combine survey results with analysis of vote transfers in the 500 polling stations used for its R2 estimate. Macron and Le Pen R1 electorates not reported. | Printed: blancs ou nuls 10, abstenus 17; web page states 27%."
2017,Ipsos-Sopra Steria 2nd tour: sociologie des électorats et profil des abstentionnistes (election-day survey),Ipsos-Sopra Steria,2017-05-04/2017-05-06,Nicolas Dupont-Aignan,DLF,Emmanuel Macron,27,Marine Le Pen,30,43,https://www.ipsos.com/sites/default/files/files-fr-fr/doc_associe/ipsos_sopra_steria_sociologie_des_electorats_7_mai_20h15_0.pdf,"BASE=registered R1 voters, reported vote in R2. n=4838 registered, online. Fielded 4-6 May (before polling day); Ipsos says transfers combine survey results with analysis of vote transfers in the 500 polling stations used for its R2 estimate. Macron and Le Pen R1 electorates not reported. | Printed: blancs ou nuls 20, abstenus 23; abstain_blank_null = their sum (derived). The Ipsos web page text instead says '40% de non-exprimés' for Dupont-Aignan: inconsistent with its own table."
2017,Ifop-Fiducial Le profil des électeurs et les clefs du second tour (jour du vote),Ifop-Fiducial,2017-05-07,Jean-Luc Mélenchon,LFI,Emmanuel Macron,54,Marine Le Pen,14,32,https://www.ifop.com/wp-content/uploads/2018/03/3756-1-study_file.pdf,"BASE='Sur 100 électeurs de...' (R1 voters); third category 'Abstention / Blanc ou nul / Nsp' (includes don't know). n=2470 registered (from 2572), online 7 May 11h-18h, for Paris Match/CNews/Sud Radio."
2017,Ifop-Fiducial Le profil des électeurs et les clefs du second tour (jour du vote),Ifop-Fiducial,2017-05-07,Benoît Hamon,PS,Emmanuel Macron,79,Marine Le Pen,4,17,https://www.ifop.com/wp-content/uploads/2018/03/3756-1-study_file.pdf,"BASE='Sur 100 électeurs de...' (R1 voters); third category 'Abstention / Blanc ou nul / Nsp' (includes don't know). n=2470 registered (from 2572), online 7 May 11h-18h, for Paris Match/CNews/Sud Radio."
2017,Ifop-Fiducial Le profil des électeurs et les clefs du second tour (jour du vote),Ifop-Fiducial,2017-05-07,Emmanuel Macron,EM,Emmanuel Macron,97,Marine Le Pen,2,1,https://www.ifop.com/wp-content/uploads/2018/03/3756-1-study_file.pdf,"BASE='Sur 100 électeurs de...' (R1 voters); third category 'Abstention / Blanc ou nul / Nsp' (includes don't know). n=2470 registered (from 2572), online 7 May 11h-18h, for Paris Match/CNews/Sud Radio."
2017,Ifop-Fiducial Le profil des électeurs et les clefs du second tour (jour du vote),Ifop-Fiducial,2017-05-07,François Fillon,LR,Emmanuel Macron,51,Marine Le Pen,23,26,https://www.ifop.com/wp-content/uploads/2018/03/3756-1-study_file.pdf,"BASE='Sur 100 électeurs de...' (R1 voters); third category 'Abstention / Blanc ou nul / Nsp' (includes don't know). n=2470 registered (from 2572), online 7 May 11h-18h, for Paris Match/CNews/Sud Radio."
2017,Ifop-Fiducial Le profil des électeurs et les clefs du second tour (jour du vote),Ifop-Fiducial,2017-05-07,Nicolas Dupont-Aignan,DLF,Emmanuel Macron,26,Marine Le Pen,46,28,https://www.ifop.com/wp-content/uploads/2018/03/3756-1-study_file.pdf,"BASE='Sur 100 électeurs de...' (R1 voters); third category 'Abstention / Blanc ou nul / Nsp' (includes don't know). n=2470 registered (from 2572), online 7 May 11h-18h, for Paris Match/CNews/Sud Radio."
2017,Ifop-Fiducial Le profil des électeurs et les clefs du second tour (jour du vote),Ifop-Fiducial,2017-05-07,Marine Le Pen,FN,Emmanuel Macron,3,Marine Le Pen,91,6,https://www.ifop.com/wp-content/uploads/2018/03/3756-1-study_file.pdf,"BASE='Sur 100 électeurs de...' (R1 voters); third category 'Abstention / Blanc ou nul / Nsp' (includes don't know). n=2470 registered (from 2572), online 7 May 11h-18h, for Paris Match/CNews/Sud Radio."
2017,"OpinionWay Sondage jour du vote, second tour de l'élection présidentielle 2017",OpinionWay,2017-05-07,Philippe Poutou,NPA,Emmanuel Macron,61,Marine Le Pen,11,28,https://www.opinion-way.com/wp-content/uploads/2025/01/OpinionWay-Sondage-Jour-du-Vote-Tour-2-Presidentielle-2017-7-Mai-2017.pdf,BASE=R2 VOTERS ONLY (registered who voted in R2): abstention excluded; abstain_blank_null here = 'Blanc ou nul' share among R2 voters. Methodology says n=7752; the table page says 9010 personnes. Online 7 May. Same table in https://www.opinion-way.com/wp-content/uploads/2025/01/OpinionWay-Sociologie-Jour-du-Vote-Tour-2-Presidentielle-2017-Mai-2017.pdf . Macron and Le Pen R1 electorates not reported. | Below 2% in R1.
2017,"OpinionWay Sondage jour du vote, second tour de l'élection présidentielle 2017",OpinionWay,2017-05-07,Jean-Luc Mélenchon,LFI,Emmanuel Macron,62,Marine Le Pen,13,25,https://www.opinion-way.com/wp-content/uploads/2025/01/OpinionWay-Sondage-Jour-du-Vote-Tour-2-Presidentielle-2017-7-Mai-2017.pdf,BASE=R2 VOTERS ONLY (registered who voted in R2): abstention excluded; abstain_blank_null here = 'Blanc ou nul' share among R2 voters. Methodology says n=7752; the table page says 9010 personnes. Online 7 May. Same table in https://www.opinion-way.com/wp-content/uploads/2025/01/OpinionWay-Sociologie-Jour-du-Vote-Tour-2-Presidentielle-2017-Mai-2017.pdf . Macron and Le Pen R1 electorates not reported.
2017,"OpinionWay Sondage jour du vote, second tour de l'élection présidentielle 2017",OpinionWay,2017-05-07,Benoît Hamon,PS,Emmanuel Macron,88,Marine Le Pen,3,9,https://www.opinion-way.com/wp-content/uploads/2025/01/OpinionWay-Sondage-Jour-du-Vote-Tour-2-Presidentielle-2017-7-Mai-2017.pdf,BASE=R2 VOTERS ONLY (registered who voted in R2): abstention excluded; abstain_blank_null here = 'Blanc ou nul' share among R2 voters. Methodology says n=7752; the table page says 9010 personnes. Online 7 May. Same table in https://www.opinion-way.com/wp-content/uploads/2025/01/OpinionWay-Sociologie-Jour-du-Vote-Tour-2-Presidentielle-2017-Mai-2017.pdf . Macron and Le Pen R1 electorates not reported.
2017,"OpinionWay Sondage jour du vote, second tour de l'élection présidentielle 2017",OpinionWay,2017-05-07,Jean Lassalle,RES,Emmanuel Macron,67,Marine Le Pen,10,23,https://www.opinion-way.com/wp-content/uploads/2025/01/OpinionWay-Sondage-Jour-du-Vote-Tour-2-Presidentielle-2017-7-Mai-2017.pdf,BASE=R2 VOTERS ONLY (registered who voted in R2): abstention excluded; abstain_blank_null here = 'Blanc ou nul' share among R2 voters. Methodology says n=7752; the table page says 9010 personnes. Online 7 May. Same table in https://www.opinion-way.com/wp-content/uploads/2025/01/OpinionWay-Sociologie-Jour-du-Vote-Tour-2-Presidentielle-2017-Mai-2017.pdf . Macron and Le Pen R1 electorates not reported. | Below 2% in R1.
2017,"OpinionWay Sondage jour du vote, second tour de l'élection présidentielle 2017",OpinionWay,2017-05-07,François Fillon,LR,Emmanuel Macron,56,Marine Le Pen,23,21,https://www.opinion-way.com/wp-content/uploads/2025/01/OpinionWay-Sondage-Jour-du-Vote-Tour-2-Presidentielle-2017-7-Mai-2017.pdf,BASE=R2 VOTERS ONLY (registered who voted in R2): abstention excluded; abstain_blank_null here = 'Blanc ou nul' share among R2 voters. Methodology says n=7752; the table page says 9010 personnes. Online 7 May. Same table in https://www.opinion-way.com/wp-content/uploads/2025/01/OpinionWay-Sociologie-Jour-du-Vote-Tour-2-Presidentielle-2017-Mai-2017.pdf . Macron and Le Pen R1 electorates not reported.
2017,"OpinionWay Sondage jour du vote, second tour de l'élection présidentielle 2017",OpinionWay,2017-05-07,Nicolas Dupont-Aignan,DLF,Emmanuel Macron,37,Marine Le Pen,36,27,https://www.opinion-way.com/wp-content/uploads/2025/01/OpinionWay-Sondage-Jour-du-Vote-Tour-2-Presidentielle-2017-7-Mai-2017.pdf,BASE=R2 VOTERS ONLY (registered who voted in R2): abstention excluded; abstain_blank_null here = 'Blanc ou nul' share among R2 voters. Methodology says n=7752; the table page says 9010 personnes. Online 7 May. Same table in https://www.opinion-way.com/wp-content/uploads/2025/01/OpinionWay-Sociologie-Jour-du-Vote-Tour-2-Presidentielle-2017-Mai-2017.pdf . Macron and Le Pen R1 electorates not reported.
2017,"OpinionWay Sondage jour du vote, second tour de l'élection présidentielle 2017",OpinionWay,2017-05-07,François Asselineau,UPR,Emmanuel Macron,25,Marine Le Pen,62,13,https://www.opinion-way.com/wp-content/uploads/2025/01/OpinionWay-Sondage-Jour-du-Vote-Tour-2-Presidentielle-2017-7-Mai-2017.pdf,BASE=R2 VOTERS ONLY (registered who voted in R2): abstention excluded; abstain_blank_null here = 'Blanc ou nul' share among R2 voters. Methodology says n=7752; the table page says 9010 personnes. Online 7 May. Same table in https://www.opinion-way.com/wp-content/uploads/2025/01/OpinionWay-Sociologie-Jour-du-Vote-Tour-2-Presidentielle-2017-Mai-2017.pdf . Macron and Le Pen R1 electorates not reported. | Below 2% in R1.
2017,"Ipsos-Sopra Steria Le rapport de forces à 3 jours du 2nd tour (final pre-R2 wave, PRE-ELECTION POLL)",Ipsos-Sopra Steria,2017-05-04,Jean-Luc Mélenchon,LFI,Emmanuel Macron,51,Marine Le Pen,11,38,https://www.ipsos.com/sites/default/files/files-fr-fr/doc_associe/intention_de_vote_ipsos_ft-rf_-5_mai_2017_def.pdf,"PRE-ELECTION intention. BASE=all registered ('Base : Inscrits'); third category 'Non exprimés'. n=2632 registered, online 4 May (after the 3 May debate), for France Télévisions/Radio France. Macron and Le Pen R1 electorates not reported."
2017,"Ipsos-Sopra Steria Le rapport de forces à 3 jours du 2nd tour (final pre-R2 wave, PRE-ELECTION POLL)",Ipsos-Sopra Steria,2017-05-04,Benoît Hamon,PS,Emmanuel Macron,76,Marine Le Pen,3,21,https://www.ipsos.com/sites/default/files/files-fr-fr/doc_associe/intention_de_vote_ipsos_ft-rf_-5_mai_2017_def.pdf,"PRE-ELECTION intention. BASE=all registered ('Base : Inscrits'); third category 'Non exprimés'. n=2632 registered, online 4 May (after the 3 May debate), for France Télévisions/Radio France. Macron and Le Pen R1 electorates not reported."
2017,"Ipsos-Sopra Steria Le rapport de forces à 3 jours du 2nd tour (final pre-R2 wave, PRE-ELECTION POLL)",Ipsos-Sopra Steria,2017-05-04,François Fillon,LR,Emmanuel Macron,46,Marine Le Pen,28,26,https://www.ipsos.com/sites/default/files/files-fr-fr/doc_associe/intention_de_vote_ipsos_ft-rf_-5_mai_2017_def.pdf,"PRE-ELECTION intention. BASE=all registered ('Base : Inscrits'); third category 'Non exprimés'. n=2632 registered, online 4 May (after the 3 May debate), for France Télévisions/Radio France. Macron and Le Pen R1 electorates not reported."
2017,"Ipsos-Sopra Steria Le rapport de forces à 3 jours du 2nd tour (final pre-R2 wave, PRE-ELECTION POLL)",Ipsos-Sopra Steria,2017-05-04,Nicolas Dupont-Aignan,DLF,Emmanuel Macron,22,Marine Le Pen,45,33,https://www.ipsos.com/sites/default/files/files-fr-fr/doc_associe/intention_de_vote_ipsos_ft-rf_-5_mai_2017_def.pdf,"PRE-ELECTION intention. BASE=all registered ('Base : Inscrits'); third category 'Non exprimés'. n=2632 registered, online 4 May (after the 3 May debate), for France Télévisions/Radio France. Macron and Le Pen R1 electorates not reported."
2017,"Ifop-Fiducial Rolling 2017, 2 mai 2017 (PRE-ELECTION POLL)",Ifop-Fiducial,2017-04-28/2017-05-02,Jean-Luc Mélenchon,LFI,Emmanuel Macron,50,Marine Le Pen,13,37,https://www.ifop.com/wp-content/uploads/2018/03/3754-1-study_file.pdf,"PRE-ELECTION intention, before the 3 May debate (final 2017 rolling not found). BASE='Sur 100 électeurs de...'; third category 'Abstention / Blanc ou nul / Nsp'. n=1388 registered (from 1500), online 28 Apr-2 May, for Paris Match/CNews/Sud Radio."
2017,"Ifop-Fiducial Rolling 2017, 2 mai 2017 (PRE-ELECTION POLL)",Ifop-Fiducial,2017-04-28/2017-05-02,Benoît Hamon,PS,Emmanuel Macron,75,Marine Le Pen,7,18,https://www.ifop.com/wp-content/uploads/2018/03/3754-1-study_file.pdf,"PRE-ELECTION intention, before the 3 May debate (final 2017 rolling not found). BASE='Sur 100 électeurs de...'; third category 'Abstention / Blanc ou nul / Nsp'. n=1388 registered (from 1500), online 28 Apr-2 May, for Paris Match/CNews/Sud Radio."
2017,"Ifop-Fiducial Rolling 2017, 2 mai 2017 (PRE-ELECTION POLL)",Ifop-Fiducial,2017-04-28/2017-05-02,Emmanuel Macron,EM,Emmanuel Macron,97,Marine Le Pen,2,1,https://www.ifop.com/wp-content/uploads/2018/03/3754-1-study_file.pdf,"PRE-ELECTION intention, before the 3 May debate (final 2017 rolling not found). BASE='Sur 100 électeurs de...'; third category 'Abstention / Blanc ou nul / Nsp'. n=1388 registered (from 1500), online 28 Apr-2 May, for Paris Match/CNews/Sud Radio."
2017,"Ifop-Fiducial Rolling 2017, 2 mai 2017 (PRE-ELECTION POLL)",Ifop-Fiducial,2017-04-28/2017-05-02,François Fillon,LR,Emmanuel Macron,44,Marine Le Pen,30,26,https://www.ifop.com/wp-content/uploads/2018/03/3754-1-study_file.pdf,"PRE-ELECTION intention, before the 3 May debate (final 2017 rolling not found). BASE='Sur 100 électeurs de...'; third category 'Abstention / Blanc ou nul / Nsp'. n=1388 registered (from 1500), online 28 Apr-2 May, for Paris Match/CNews/Sud Radio."
2017,"Ifop-Fiducial Rolling 2017, 2 mai 2017 (PRE-ELECTION POLL)",Ifop-Fiducial,2017-04-28/2017-05-02,Nicolas Dupont-Aignan,DLF,Emmanuel Macron,17,Marine Le Pen,47,36,https://www.ifop.com/wp-content/uploads/2018/03/3754-1-study_file.pdf,"PRE-ELECTION intention, before the 3 May debate (final 2017 rolling not found). BASE='Sur 100 électeurs de...'; third category 'Abstention / Blanc ou nul / Nsp'. n=1388 registered (from 1500), online 28 Apr-2 May, for Paris Match/CNews/Sud Radio."
2017,"Ifop-Fiducial Rolling 2017, 2 mai 2017 (PRE-ELECTION POLL)",Ifop-Fiducial,2017-04-28/2017-05-02,Marine Le Pen,FN,Emmanuel Macron,2,Marine Le Pen,95,3,https://www.ifop.com/wp-content/uploads/2018/03/3754-1-study_file.pdf,"PRE-ELECTION intention, before the 3 May debate (final 2017 rolling not found). BASE='Sur 100 électeurs de...'; third category 'Abstention / Blanc ou nul / Nsp'. n=1388 registered (from 1500), online 28 Apr-2 May, for Paris Match/CNews/Sud Radio."
2017,"Elabe baromètre intentions de vote vague 13 (final pre-R2 wave, PRE-ELECTION POLL)",Elabe,2017-05-04,Jean-Luc Mélenchon,LFI,Emmanuel Macron,54,Marine Le Pen,14,32,https://elabe.fr/wp-content/uploads/2017/05/04052017_bfmtv_lexpress_intentions-de-vote-presidentielles-vague-13.pdf,"PRE-ELECTION intention. BASE=registered certain or almost certain to vote (likely abstainers excluded); table 'Intentions de vote intégrant les non exprimés', third category 'N'expriment pas d'intention de vote'. n=1050 incl. 1009 registered, online 4 May (after the debate), for BFMTV/L'Express. Dupont-Aignan electorate not reported."
2017,"Elabe baromètre intentions de vote vague 13 (final pre-R2 wave, PRE-ELECTION POLL)",Elabe,2017-05-04,Benoît Hamon,PS,Emmanuel Macron,72,Marine Le Pen,7,21,https://elabe.fr/wp-content/uploads/2017/05/04052017_bfmtv_lexpress_intentions-de-vote-presidentielles-vague-13.pdf,"PRE-ELECTION intention. BASE=registered certain or almost certain to vote (likely abstainers excluded); table 'Intentions de vote intégrant les non exprimés', third category 'N'expriment pas d'intention de vote'. n=1050 incl. 1009 registered, online 4 May (after the debate), for BFMTV/L'Express. Dupont-Aignan electorate not reported."
2017,"Elabe baromètre intentions de vote vague 13 (final pre-R2 wave, PRE-ELECTION POLL)",Elabe,2017-05-04,Emmanuel Macron,EM,Emmanuel Macron,95,Marine Le Pen,3,2,https://elabe.fr/wp-content/uploads/2017/05/04052017_bfmtv_lexpress_intentions-de-vote-presidentielles-vague-13.pdf,"PRE-ELECTION intention. BASE=registered certain or almost certain to vote (likely abstainers excluded); table 'Intentions de vote intégrant les non exprimés', third category 'N'expriment pas d'intention de vote'. n=1050 incl. 1009 registered, online 4 May (after the debate), for BFMTV/L'Express. Dupont-Aignan electorate not reported."
2017,"Elabe baromètre intentions de vote vague 13 (final pre-R2 wave, PRE-ELECTION POLL)",Elabe,2017-05-04,François Fillon,LR,Emmanuel Macron,45,Marine Le Pen,32,23,https://elabe.fr/wp-content/uploads/2017/05/04052017_bfmtv_lexpress_intentions-de-vote-presidentielles-vague-13.pdf,"PRE-ELECTION intention. BASE=registered certain or almost certain to vote (likely abstainers excluded); table 'Intentions de vote intégrant les non exprimés', third category 'N'expriment pas d'intention de vote'. n=1050 incl. 1009 registered, online 4 May (after the debate), for BFMTV/L'Express. Dupont-Aignan electorate not reported."
2017,"Elabe baromètre intentions de vote vague 13 (final pre-R2 wave, PRE-ELECTION POLL)",Elabe,2017-05-04,Marine Le Pen,FN,Emmanuel Macron,1,Marine Le Pen,95,4,https://elabe.fr/wp-content/uploads/2017/05/04052017_bfmtv_lexpress_intentions-de-vote-presidentielles-vague-13.pdf,"PRE-ELECTION intention. BASE=registered certain or almost certain to vote (likely abstainers excluded); table 'Intentions de vote intégrant les non exprimés', third category 'N'expriment pas d'intention de vote'. n=1050 incl. 1009 registered, online 4 May (after the debate), for BFMTV/L'Express. Dupont-Aignan electorate not reported."
2017,"Harris Interactive-Indeed intentions de vote 2nd tour, après débat (PRE-ELECTION POLL)",Harris Interactive,2017-05-02/2017-05-05,Jean-Luc Mélenchon,LFI,Emmanuel Macron,46,Marine Le Pen,13,41,https://tolunacorporate.com/wp-content/uploads/2025/05/Rapport-Harris-Indeed-Intentions-de-vote-a-lelection-presidentielle-LCP.pdf,"PRE-ELECTION intention; post-debate sub-sample (2459 adults incl. 2270 registered answering after the 3 May debate; full study 4991, online 2-5 May), for LCP. BASE=registered ('Aux inscrits... en %'); third category 'Abstention, blancs et nuls'. Dupont-Aignan electorate not reported."
2017,"Harris Interactive-Indeed intentions de vote 2nd tour, après débat (PRE-ELECTION POLL)",Harris Interactive,2017-05-02/2017-05-05,Benoît Hamon,PS,Emmanuel Macron,73,Marine Le Pen,7,20,https://tolunacorporate.com/wp-content/uploads/2025/05/Rapport-Harris-Indeed-Intentions-de-vote-a-lelection-presidentielle-LCP.pdf,"PRE-ELECTION intention; post-debate sub-sample (2459 adults incl. 2270 registered answering after the 3 May debate; full study 4991, online 2-5 May), for LCP. BASE=registered ('Aux inscrits... en %'); third category 'Abstention, blancs et nuls'. Dupont-Aignan electorate not reported."
2017,"Harris Interactive-Indeed intentions de vote 2nd tour, après débat (PRE-ELECTION POLL)",Harris Interactive,2017-05-02/2017-05-05,Emmanuel Macron,EM,Emmanuel Macron,98,Marine Le Pen,1,1,https://tolunacorporate.com/wp-content/uploads/2025/05/Rapport-Harris-Indeed-Intentions-de-vote-a-lelection-presidentielle-LCP.pdf,"PRE-ELECTION intention; post-debate sub-sample (2459 adults incl. 2270 registered answering after the 3 May debate; full study 4991, online 2-5 May), for LCP. BASE=registered ('Aux inscrits... en %'); third category 'Abstention, blancs et nuls'. Dupont-Aignan electorate not reported."
2017,"Harris Interactive-Indeed intentions de vote 2nd tour, après débat (PRE-ELECTION POLL)",Harris Interactive,2017-05-02/2017-05-05,François Fillon,LR,Emmanuel Macron,44,Marine Le Pen,26,30,https://tolunacorporate.com/wp-content/uploads/2025/05/Rapport-Harris-Indeed-Intentions-de-vote-a-lelection-presidentielle-LCP.pdf,"PRE-ELECTION intention; post-debate sub-sample (2459 adults incl. 2270 registered answering after the 3 May debate; full study 4991, online 2-5 May), for LCP. BASE=registered ('Aux inscrits... en %'); third category 'Abstention, blancs et nuls'. Dupont-Aignan electorate not reported."
2017,"Harris Interactive-Indeed intentions de vote 2nd tour, après débat (PRE-ELECTION POLL)",Harris Interactive,2017-05-02/2017-05-05,Marine Le Pen,FN,Emmanuel Macron,4,Marine Le Pen,92,4,https://tolunacorporate.com/wp-content/uploads/2025/05/Rapport-Harris-Indeed-Intentions-de-vote-a-lelection-presidentielle-LCP.pdf,"PRE-ELECTION intention; post-debate sub-sample (2459 adults incl. 2270 registered answering after the 3 May debate; full study 4991, online 2-5 May), for LCP. BASE=registered ('Aux inscrits... en %'); third category 'Abstention, blancs et nuls'. Dupont-Aignan electorate not reported."
